crm_id,org_id
001I9000004zOqhIAE,9e901bb2-5345-4db5-8ad6-9026d5f6c4f0
001I9000004pwojIAA,687fc7d7-59b4-4111-a04a-40a061906ecb
001I9000004Vt5XIAS,42f9d2f7-3b79-4ee7-8b3e-26d9246f7252
001I9000004Vt5YIAS,00d617c6-c717-4c5a-a760-956204e7bfa2
001I9000004Vt5ZIAS,130baa74-2f4a-4f8e-9fd7-6b94daf1b8f1
001I9000004Vt5aIAC,ff731c50-3691-4fae-8a4d-8f72be4181cd
001I9000004Vt5bIAC,37a89a3a-f516-496a-95e4-edfdcfc13732
001I9000004Vt5cIAC,74e2b999-650e-453c-88b1-8f57d22c84a8
001I9000004Vt5dIAC,ed374cb8-4c01-41d1-9abf-315806824224
001I90000050aK9IAI,86b7810d-78af-47e3-ab01-d655c43bd449
001I9000004Vt5gIAC,2e5ee51e-993b-418c-ba36-cf487ecd1e27
001I9000004zLveIAE,1572a41d-0373-43a8-a0fe-32e7f6c44e04
001I900000503m9IAA,f8ff9966-68e3-436b-aaf1-a6b3ca924607
001I9000004Vt5xIAC,78e40414-165e-4d7c-804b-6163cdfcefaa
001I9000004Vt5mIAC,722a631f-bcfd-484c-9243-8c3e715f6334
001I9000004Vt5nIAC,ba7a98ee-f508-4263-978c-7c228cf48e4d
001I9000004Vt5oIAC,5370de8a-a876-4ef0-ab3a-9436891f36b5
001I9000004Vt5pIAC,f4602a8b-1cde-425c-9bd8-16cbc8ac6aae
001I9000004Vt5rIAC,04fd35a1-7e6d-4ba9-8d27-ab0c87446ec4
001I9000004Vt5sIAC,4983c8da-fe3d-488a-a974-0c5c442f33a5
001I9000004Vt5tIAC,155a85be-1d5f-4189-abad-09f4f3744112
001I9000004VrQNIA0,fbcd0568-0481-48c6-8884-9bd8f40ecadf
001I90000050e4dIAA,5ef913fb-7abb-488a-8c2e-001a2228824f
001I9000004VzBNIA0,a4297403-29a5-400e-8be2-3689ed557937
001I90000050e3NIAQ,c4be8612-85c3-454b-ace1-309352220cf5
001I9000004Vt5uIAC,311528bc-ff51-44f4-a268-2eaae8b99efd
001I9000004Vt5wIAC,91dad410-47f4-4ca8-b852-951899200926
001I900000504eXIAQ,4cb53e9f-a612-4280-9e44-6015cd49c6c2
001I9000004Vt5yIAC,5f48482e-c4d0-41a1-9337-0f64d157573a
001I9000004Vt5zIAC,33503c98-2fa9-4ee8-91b0-12b68a26dcc1
001I9000004Vt60IAC,220f022c-ce53-4c2f-b941-401e78ce8bcf
001I9000005PIWlIAO,00aaac61-cafd-4edd-9bcc-bea78342d92d
001I9000004Vt61IAC,ae2e30e5-59fa-4e30-9af6-87d0cff6a909
001I9000004Vt63IAC,e51e94b9-1146-4636-b4ca-cc39bd18615a
001I9000004Vt64IAC,5a4093a5-ada9-4943-8263-972418eb4945
001I9000004Vt6AIAS,6d5f3682-54ff-4aba-8405-96e71de45bb1
001I9000004Vt6CIAS,bf791b97-e34c-4bc9-b571-63cc00a17fca
001I9000004Vt6DIAS,3357a618-cf88-4ec7-8058-e2ddacf49e07
001I9000004Vt6EIAS,d8509d9d-44a8-40bc-91d3-60417a636a38
001I9000004Vt6GIAS,6022df15-563b-4ceb-b1e2-33ad17136286
001I90000050aMNIAY,23462a82-9c9c-402c-b99b-27179e9d35d8
001I9000004Vt6HIAS,b2ba3091-4e76-4190-9ac5-e3b2cfa6e0e4
001I9000004Vt6IIAS,27a987ff-b754-4efc-8dfe-b79d62b622f5
001I90000050aLkIAI,4029fa62-0a9f-4d7e-8c29-a8698d14ed92
001I9000004Vt6JIAS,3371f506-4f80-42df-a741-1a3c93d186fb
001I9000004Vt6KIAS,25237e37-3457-4d0c-9d8e-82f3b8e6bc0a
001I9000004Vt6LIAS,dcd62816-abee-4867-88d4-bee61253785b
001I9000004zOAzIAM,efae94cf-1763-43a7-8ac3-f82cfa662f78
001I9000004cImXIAU,e12c6a14-c458-4203-910b-b8cc47a95b09
001I900000503r9IAA,c5f5aee8-b508-47ad-9e77-7227f0a254a7
001I90000050ZenIAE,c5214275-99a4-468d-a5bd-a88f548c2a60
001I9000004Vt62IAC,1fd678e1-2664-415f-a67b-d7986c578d39
001I9000004Vt5WIAS,01315b61-4236-41e4-96f2-44559c2eafe1
001I9000004Vt5eIAC,80d45c47-9943-431c-b15b-f9e3a3c776fd
001I9000004Vt68IAC,92f47188-8588-46ea-be47-a75c793c3f21
001I900000503zhIAA,354a8ef4-4ea2-4365-a992-b001cb5b4945
001I9000004Vt69IAC,8427108d-bb8f-443d-817b-6bba8bb2fa04
001I9000004Vt67IAC,be21200e-4eaf-4e90-9aca-00b1b84e7143
001I9000004Vt5iIAC,c9e21254-8d93-4168-b55a-9d1b130eb00d
001OO00000Sl2T1YAJ,340e3e43-55ad-4cae-949d-5edb5eeadda2
001I9000004Vt65IAC,5f2e6748-3ef4-49b1-a9b3-3db9372ac831